{
    "0": 7.949999809265137,
    "1": 7.949999809265137,
    "2": 7.949999809265137,
    "3": 7.949999809265137,
    "4": 7.949999809265137,
    "5": 7.949999809265137,
    "6": 7.949999809265137,
    "7": 7.949999809265137,
    "8": 7.949999809265137,
    "9": 7.949999809265137,
    " ": 3.4833333492279053,
    "!": 3.75,
    "\"": 4.5333333015441895,
    "#": 8.550000190734863,
    "$": 7.949999809265137,
    "%": 10.283333778381348,
    "&": 8.949999809265137,
    "'": 2.366666555404663,
    "(": 4.883333206176758,
    ")": 4.933333396911621,
    "*": 6.183333396911621,
    "+": 7.800000190734863,
    ",": 3.0833332538604736,
    "-": 4.599999904632568,
    ".": 3.9166667461395264,
    "/": 5.5333333015441895,
    ":": 3.7166666984558105,
    ";": 3.3333332538604736,
    "<": 7.116666793823242,
    "=": 7.833333492279053,
    ">": 7.2833333015441895,
    "?": 6.816666603088379,
    "@": 12.516666412353516,
    "A": 9.316666603088379,
    "B": 8.833333015441895,
    "C": 9.133333206176758,
    "D": 9.149999618530273,
    "E": 7.916666507720947,
    "F": 7.683333396911621,
    "G": 9.533333778381348,
    "H": 9.949999809265137,
    "I": 3.950000047683716,
    "J": 7.766666889190674,
    "K": 8.833333015441895,
    "L": 7.566666603088379,
    "M": 12.25,
    "N": 9.933333396911621,
    "O": 9.666666984558105,
    "P": 8.949999809265137,
    "Q": 9.666666984558105,
    "R": 8.733333587646484,
    "S": 8.449999809265137,
    "T": 8.5,
    "U": 9.133333206176758,
    "V": 9.050000190734863,
    "W": 12.316666603088379,
    "X": 8.866666793823242,
    "Y": 8.533333778381348,
    "Z": 8.433333396911621,
    "[": 3.8333332538604736,
    "\\": 5.849999904632568,
    "]": 3.8333332538604736,
    "^": 5.983333110809326,
    "_": 6.316666603088379,
    "`": 4.516666889190674,
    "a": 7.566666603088379,
    "b": 7.883333206176758,
    "c": 7.333333492279053,
    "d": 7.900000095367432,
    "e": 7.516666889190674,
    "f": 4.9666666984558105,
    "g": 7.933333396911621,
    "h": 7.766666889190674,
    "i": 3.5833332538604736,
    "j": 3.5,
    "k": 7.300000190734863,
    "l": 3.5833332538604736,
    "m": 12.183333396911621,
    "n": 7.7833333015441895,
    "o": 7.9666666984558105,
    "p": 7.883333206176758,
    "q": 7.949999809265137,
    "r": 4.916666507720947,
    "s": 7.233333110809326,
    "t": 4.650000095367432,
    "u": 7.7833333015441895,
    "v": 6.916666507720947,
    "w": 10.399999618530273,
    "x": 7.0333333015441895,
    "y": 6.816666603088379,
    "z": 7.0333333015441895,
    "{": 4.699999809265137,
    "|": 3.5166666507720947,
    "}": 4.699999809265137,
    "~": 9.300000190734863
}
