{
    "0": 7.866666793823242,
    "1": 7.866666793823242,
    "2": 7.866666793823242,
    "3": 7.866666793823242,
    "4": 7.866666793823242,
    "5": 7.866666793823242,
    "6": 7.866666793823242,
    "7": 7.866666793823242,
    "8": 7.866666793823242,
    "9": 7.866666793823242,
    " ": 3.4666666984558105,
    "!": 3.5999999046325684,
    "\"": 4.483333110809326,
    "#": 8.616666793823242,
    "$": 7.866666793823242,
    "%": 10.25,
    "&": 8.699999809265137,
    "'": 2.433333396911621,
    "(": 4.7833333015441895,
    ")": 4.866666793823242,
    "*": 6.0333333015441895,
    "+": 7.933333396911621,
    ",": 2.75,
    "-": 3.866666555404663,
    ".": 3.683333396911621,
    "/": 5.766666889190674,
    ":": 3.383333444595337,
    ";": 2.9666666984558105,
    "<": 7.116666793823242,
    "=": 7.683333396911621,
    ">": 7.316666603088379,
    "?": 6.616666793823242,
    "@": 12.566666603088379,
    "A": 9.133333206176758,
    "B": 8.716666221618652,
    "C": 9.116666793823242,
    "D": 9.183333396911621,
    "E": 7.949999809265137,
    "F": 7.733333110809326,
    "G": 9.533333778381348,
    "H": 9.983333587646484,
    "I": 3.799999952316284,
    "J": 7.7166666984558105,
    "K": 8.783333778381348,
    "L": 7.5333333015441895,
    "M": 12.216666221618652,
    "N": 9.983333587646484,
    "O": 9.633333206176758,
    "P": 8.833333015441895,
    "Q": 9.633333206176758,
    "R": 8.616666793823242,
    "S": 8.300000190734863,
    "T": 8.350000381469727,
    "U": 9.083333015441895,
    "V": 8.899999618530273,
    "W": 12.416666984558105,
    "X": 8.783333778381348,
    "Y": 8.399999618530273,
    "Z": 8.383333206176758,
    "[": 3.7166666984558105,
    "\\": 5.75,
    "]": 3.7166666984558105,
    "^": 5.849999904632568,
    "_": 6.316666603088379,
    "`": 4.333333492279053,
    "a": 7.616666793823242,
    "b": 7.849999904632568,
    "c": 7.333333492279053,
    "d": 7.900000095367432,
    "e": 7.416666507720947,
    "f": 4.866666793823242,
    "g": 7.849999904632568,
    "h": 7.7166666984558105,
    "i": 3.4000000953674316,
    "j": 3.3499999046325684,
    "k": 7.099999904632568,
    "l": 3.4000000953674316,
    "m": 12.266666412353516,
    "n": 7.7166666984558105,
    "o": 7.983333110809326,
    "p": 7.849999904632568,
    "q": 7.949999809265137,
    "r": 4.733333110809326,
    "s": 7.2166666984558105,
    "t": 4.566666603088379,
    "u": 7.7166666984558105,
    "v": 6.7833333015441895,
    "w": 10.516666412353516,
    "x": 6.933333396911621,
    "y": 6.616666793823242,
    "z": 6.933333396911621,
    "{": 4.733333110809326,
    "|": 3.4166667461395264,
    "}": 4.733333110809326,
    "~": 9.516666412353516
}
